Qty,Num,Rarity,Name,Type,Subtype/Allegiance,Attribute,Effect,Lore,Politics Ability,Intrigue Ability,One Power Ability,Combat Ability,Politics Cost,Intrigue Cost,One Power Cost,Combat Cost
,1,R,A Beginning,Event,,,Play when you have at least 4 cards in your hand.  Discard your entire hand and draw 4 cards.,The wind was not the beginning.  There are neither beginnings nor endings to the turning of the Wheel of Time.  But it was a beginning.,,,,,,,,
,2,C,A Murder of Ravens,Event,,,"This card may only be played by a Villain player.  Target another player and name a card.  If the named card is in the target's hand, he must discard one copy of it.  If it is not in his hand, he must show you his hand.","The fox's jaws snapped at them, but they darted in, and darted away untouched, black beaks glistening wetly.",,,,,,2,,
,3,F,A Second Chance,Advantage,Character,,"Target a character you control.  Immediately after you roll the target's dice, you may discard this advantage from play to reroll up to two of those dice, or up to three of those dice if the target is a Ta'veren.  The original dice results are ignored.",He spilled the dice onto the tabletop.  They bounced oddly.  He felt - something - shifting.,,,,,,,,
,4,C,A Sign of Hope,Event,,,"Target a non-Hero, non-Villain character in your killed pile.  Convert one of your Pattern tokens to a neutral token.  Move the target to your discard pile.","Thom Merrilin's alive.  And he's here, in Cairhein.",,,,,,,,
,5,C,A Stroke of Luck,Event,Limited,,"If a character you control rolled three or more dice of the same ability but rolled no symbols of that ability, add one to your pool.",She can't have!,,,,,,,,
,6,C,A Time of Decision,Challenge,,,"Target a character you have in play.  If you succeed, retrieve a replacement version of the character from your deck and place it in your hand.","All he wanted was to be a blacksmith, to go home, and see his family again, and work at the smithy.  But it was not to be; he knew that.",,,,,,,,
,7,R,A Time of Peace,Event,,,No player may initiate a card-based challenge on the next turn.,"There was a time, before the Breaking, known as the Age of Legend, when there were no wars.",,,,,3,,,
,8,U,Advanced Scout,Advantage,Character,,"When assigning damage from your opponent's character damage pool, this character must be assigned a point.  While this character is participating in a challenge, all events you play in that challenge have their combat symbol costs reduced by one.","There's bloody something moving down there.  Some of the others nodded and murmered, too.",,,,,,,,2
,9,R,Al'cair'rahienallen,Advantage,Player,Capital of Cairhien,"While you control the Cairhien contested advantage by 5 or more, when Cairhien characters you control generate any [Intrigue Icon], they also generate an equal number of [Skull Icon].","You take Cairhien.  They city's proper name is Al'cair'rahienallen, Hill of the Golden Dawn.",,,,,,,,
,10,U,Amys,Character,Aiel,"Dreamwalker,Light Nature,Wise One,Taardad Aiel",Rotate Amys as an event and target an Aiel character with a Politics ability lower than hers (including none).  Rotate the target for no effect.,"In Rhuidean you will find three rings, arranged so.  Step through any one.  You will see your future laid before you, again and again, in variation.",2,1,2,,2,,1,
,11,U,Andor,Advantage,World,Nation Contested Advantage,"If you control Andor during the ready round, choose one allegiance.  All Andor characters you control gain that allegiance until the end of the turn.","Andor has always had a queen, and it still does.  Elayne was Daughter-Heir.  With her mother dead, she's queen.",,,,,,,,
,12,F,Andor Cavalry,Troop,Andor,"Multiple,Reinforcement",,"A proud line of cavalry thundered across the field, moving briskly and in tight formation beneath the fluttering banners of Andor.",,,,4,1,,,1
,13,F,Andor Infantry,Troop,Andor,Multiple,,"...red uniformed men burst into sight, breastplates catching the sun as they dashed up the path.  Others came like breaking waves of scarlet and polished steel...",,,,4,2,,,
,14,U,Andoran Spearmen,Troop,Andor,Multiple,"The cost to recruit this card is [Politics Icon] or [Combat Icon].  During the Coming to Grips step in which this card is participating, you may rotate and kill this card to add two tokens to your troop damage pool.","A thousand spears are held fast beneath Andor's banner, the white lion rampant on a field of red.",,,,2,,,,
,15,U,Animate Stone,Event,,,"Target a challenge during its Opening Moves step.  This card becomes a character, participating in that challenge, with one Combat ability for each [One Power Icon] you pay.  Roll its dice immediately add the results to your pool.  Discard this card after the challenge resolves.","Suddenly the benches shifted, flowed, changed into faceless manshapes, still as white and hard-looking as the stone.",,,,,,,,
,16,R,Asmodean (I),Character,Dark One,"Starting Villain,Forsaken","Immediately after Asmodean rotates, he generates an additional ability symbol of your choice.  That symbol can only be used for recruiting characters and troops with the Dark One allegiance.","Asmodean saw him at the same moment and gave a start ... and suddenly a huge sheet of fire, like a thin slice from monstrous flame, swept back toward Rand, a mile high and a mile wide.",,1,4,,,,,
,17,U,Assassination Attempt,Challenge,,,"Target a non-Hero, non-Villain character.  Only Intrigue and One Power may be rolled in this challenge.  For every 3 by which you succeed, do one point of damage to the target.","A bolt from a crossbow.  A few dark strands from her hair were tangled in the four heavy prongs, meant for punching through armor.",,,,,,,,
,18,U,Aura of Death,Advantage,Character,,"The next time the targeted character takes damage, he takes one additional point of damage.  When he takes this extra damage, discard this advantage.","A slender woman with black hair falling to her waist... wore a sickly brown halo, shriveled and split by rotting fissures that fell in and widened as they decayed.",,,,,,,,
,19,U,Aviendha,Character,Aiel,"Light Nature,Maiden of the Spear,Taardad Aiel",Symbols generated by this character may not be used for recruiting.  Aviendha gains +1 Combat while participating in a challenge.,"I am Far Dareis Mai, A Maiden of the Spear ... In your lands, you have women much like our Wise Ones, the women called Aes Sedai.",,,,3,,,,1
,20,C,Bain,Character,Aiel,"Maiden of the Spear,Shaarad Aiel",Symbols generated by this character may not be used for recruiting.,"When we wed the spear, we pledge to be bound to no man or child.  Some do give up the spear, for a man or child, but once given up, the spear cannot be taken back.",,,,3,,,,1
,21,C,Battle Hardened,Advantage,,,"Target a character or troop you control.  When determining how many ability dice to roll for the target, ignore all damage on him.","...screaming defiance with the last breath, to spit in Sightblinder's eye on the last day.",,,,,,,,
,22,R,Be'lal (I),Character,Dark One,"Starting Villain,Forsaken","You may only recruit one character and one troop per turn.  If the Dragon Reborn initiates the Callandor challenge and fails to succeed, place the Callandor advantage on Be'lal instead.","In A Study of the War of Shadow, Moilin daughter of Hamada daughter of Juendan called Be'lal the Netweaver ...",,1,4,4,,,,
,23,R,Berelain,Character,Dragon,First of Mayene,Politics ability symbols generated by Berelain have all alegiances for recruiting purposes.,"… a tall young woman of regal bearing entered the room, wearing a coronet with a golden hawk in flight above her brows.",3,1,,,3,,,
,24,R,Bitter Fighting,Event,,,Target a troop you control and another player's troop participating in the same challenge.  Both troops roll their dice and apply damage (other results are ignored).  Both troops continue rolling their dice and applying damage until one troop is killed.,The Defenders in the anteroom were fighting for their lives beneath the gilded lamps ...,,,,,,,,1
,25,C,Blood Tide,Event,,,Target a challenge.  Each [Combat Icon] you roll while participating in the challenge is converted into a [Damage Icon] instead.,"For three days they fought, and though the land became a butcher's yard, no crossing of the Tarendrelle did they yield.",,,,,,,,2
,26,F,Bodyguards,Advantage,Character,,"When the targeted character takes damage, apply it to this card instead.  Discard this advantage when it has taken two points of damage and apply any extra damage to the targeted character.","Facing every direction as they did, they were supposed to keep all intruders from the current lord of the Stone.",1,,,1,,,,
,27,U,Border Clash,Challenge,,,"Politics cannot be rolled in this challenge.  Reinforcement cannot be used in this challenge.  If you succeed, move a token from the neutral section of the Pattern to your section, and you may add a token to a nation contested advantage.","Whatever they did not steal, they burned, and drove us out to starve.",,,,,,,,
,28,U,Broken Ground,Event,,,"For each [Combat Icon] spent, target one troop participating in the same challenge.  The targeted cards do not ready next turn.","When the shadows lengthen, they must stop or begin breaking wheels and mules' legs.",,,,,,,,
,29,C,Bubble of Evil,Event,,,"This card may only be played by a Villain player.  Target a character participating in a challenge.  The target may choose not to roll his dice this turn.  If he does roll, he takes one point of damage for each ability symbol he rolls.","The weapon thrashed like a thing alive, a thing with a malevolent will.",,,,,,,,
,30,R,Caemlyn,Advantage,Player,Capital of Andor,"While you control the Andor contested advantage by 5 or more, all Andor characters you control may use their Politics in the Last Battle.  This allows your Andor characters with only Politics to participate in the Last Battle.",Words died in his mouth as his eyes fell on Caemlyn... this was more than he would have believed.,,,,,,,,
,31,U,Cairhien,Advantage,World,Nation Contested Advantage,"For each token by which you control Cairhien, you may use one [Intrigue Icon] as a [Politics Icon] or [Combat Icon] to recruit.  (These symbols retain their original allegiance.)","Yet the people seemed open and friendly enough, pausing to nod to each other as they hurried about their last chores before nightfall.",,,,,,,,
,32,C,Cairhien Footmen,Troop,Cairhien,Multiple,"As an event, any player may target this troop and pay any amount of [Intrigue Icon].  For each [Intrigue Icon] paid, this troop rolls one less Combat die for the rest of the turn.","Most of them wore plain breastplates, and where there was gilt or silverwork, it was battered as though a drunken smith had been at it.",,,,5,1,,,1
,33,U,Cairhien Horsemen,Troop,Cairhien,Reinforcement,"As an event, rotate this troop and target a troop you control.  The targeted troop gains Reinforcement until the end of the turn.","The smell of death wafted up toward the fresh horses, which pranced nervously as the cavalrymen awaited orders.",,,,2,1,,,
,34,R,Callandor,Challenge,,,"Can only be initiated by the Dragon Reborn.  If you succeed by five or more, this card becomes a sa'angreal character advantage on the Dragon Reborn.  While the target participates in a challenge, you may place two tokens on this card to roll One Power dice equal to the target's current One Power ability.  Unless the target rolls more [One Power Icon] in the challenge than tokens on this card, you must apply damage on your participating cards equal to his One Power ability.",The Sword That is Not a Sword.,,,,,,,,
,35,U,Called to War,Advantage,Player,,"You may initiate a challenge each turn targeting a nation contested advantage.  There is automatically 5 opposition to the challenge.  For every two by which you succeed, add a token to the targeted advantage.",The armies of Tear are to march.,,,,,,,,
,36,U,Car'a'carn,Challenge,,,"Only the Dragon Reborn may initiate this challenge.  If you succeed, this challenge becomes a character advantage on the Dragon Reborn giving him the Aiel allegiance.  For each point by which you succeed, place a follower token on the advantage.  You may remove one follower token to reduce the cost of an Aiel character or troop by one ability of your choice.","Of the blood, but not raised by the blood, he will come from Rhuidean at dawn, and tie you together with bonds you cannot break.",,,,,,,,
,37,R,Carpe Fatum,Event,,,The symbols used to pay for this card must all come from the same character.  Add one token to your section of the Pattern.,You're right.  How did you know?  It has to work for me sooner or later...,,,,,,,4,
,38,U,Catapults,Troop,Mercenary,Multiple,"When participating in a challenge, Catapults add one point of damage to your troop damage pool during the Opening Moves step.","Beside the rode behind the stakes stood a contraption of wood and thick, twisted rope, with a nearby pile of stones bigger than a man's head.",,,,1,,,,1
,39,C,Charge,Event,,,"Play this card during the Coming to Grips step of a challenge.  For each [Combat Icon x2] you pay, target one troop you control.  Rotate the target troops, roll their dice, and add the results to your pool.","His horse leaped forward as he dug in his heels, and he heard the roar as the legion, as much of it still lived, followed.",,,,,,,,
,40,U,Chiad,Character,Aiel,"Maiden of the Spear,Goshien Aiel",Symbols generated by this character may not be used for recruiting.,"I am Chiad, of the Sones River sept of the Goshien Aiel.",,1,,3,1,,,1
,41,U,Civil Unrest,Event,,,"Target a nation contested advantage.  Each player rolls a Combat die for each token they have on that advantage.  For each [Skull Icon] rolled, they may remove a token of their choice from the target advantage.","...as one they surged forward, howling and rabid, waving pitchforks and swords, axes and clubs, anything that could be taken to hand for a weapon.",,,,,,,,
,42,R,Combat Reserves,Advantage,Character,,You may pay [Combat Icon] as a limited event to place a reserve token on this card.  You may remove two reserve tokens as a limited event to add one [Combat Icon] to your pool.  This symbol has the allegiance(s) of your starting character.,"The soldiers still appeared uneasy... but they formed into lines to either side of the gates, bow deeply as Rand rode through.",,,,,,,,2
,43,F,Commander,Character,Mercenary,Multiple,,"Even smiling, his face was hard...",,,,2,1,,,1
,44,R,Compulsion,Advantage,Character,,"Only a Villain player may play this card.  Target a character that you could control whose cost is less than the number of tokens on your section of the Patrn.  As an event, they player who played Compulsion may pay one more [One Power Icon] than the One Power ability of the target to take control of that character for the following turn.",She seemed unable to look at anything but his dark eyes; her skin tingled as if an icy wind were blowing through the courtyard.,,,,,,,2,
,45,R,Concealed Dagger,Advantage,Character,,Discard this advantage as an event while the target is participating in a challenge and pay [Intrigue Icon] to add a point of damage to another character (of your choice) participating in the same challenge.,"The slim-bladed knife came up swiftly, all her remaining strength behind it...",,,,,,1,,
,46,F,Confrontation,Challenge,,,"If you succeed by five or more, add two tokens to your section of the Pattern.","Shienar will ride to Tarwin's Gap alone, and we will be outnumbered at least ten to one.",,,,,,,,
,47,C,Connections,Event,,,Draw two cards.,This is a fine party.  You have many friends…,,,,,1,,,
,48,R,Cut Supply Lines,Challenge,,,"Target another player.  If you succeed, this challenge becomes a player advantage targeting him.  His maximum hand size is decreased by 2.","Even the small things are bad.  The war in Arad Doman has stopped trade from Saldaea, and the pinch is making unrest in Maradon.",,,,,,,,
,49,C,Dain Bornhald,Character,Children of the Light,,,"My name is Dain Bornhald!  Remember it, Darkfriends!  I will make you fear my name!  Remember my name!",1,,,1,1,,,
,50,R,Dangerous Liaisons,Advantage,Player,,You may pay [Intrigue Icon] as a limited event to place a reserve token on this card.  You may remove two reserve tokens as a limited event to add one [Intrigue Icon] to your pool.  This symbol has the allegiance(s) of your starting character.,"I know a secluded pool, where this head might be escaped.  A sheltered pool, where nothing would disturb us.",,,,,,2,,
,51,R,Dark Dreams,Advantage,Player,,This card may only be played by a Villain player.  You may discard this card as an event and target a card-based challenge.  It gains 2 additional opposition.,"It had been a dream, then, like a nightmare in the Winespring Inn the day of Bel Tine ...",,,,,,,1,
,52,F,Darkfriend,Advantage,Character,,Target a character you control with a dark nature.  He gains the Dark One allegiance.,"You will have honored places if you come to the Great Lord of your own free will, but as long as you run, there will be pursuit, and who can tell what will happen then?",,,,,,1,,
,53,U,Darkfriend Band,Troop,Dark One,Multiple,"The Darkfriend Band is recruited into your battleground, and has Reinforcement on the turn it is recruited.","Men fought alongside the Trollocs, too, in rough coats, with swords, shouting desperately as they died among the thorn bushes.",,,,2,,1,,
,54,R,Darkhound Pack,Character,Dark One,"Monster,Multiple,Reinforcement",You cannot control more than one Darkhound pack at a time.  Symbols generated by this character may not be used for recruiting.  This character cannot be the target of advantages.  Any character that takes damage from a Darkhound Pack and is not completely healed by the end of the turn is killed.,A Darkhound leaves no mark on dirt … but stone is another matter.,,,,3,,,2,2
,55,F,Debt of Honor,Challenge,,,"Target a character you control.  If you succeed, this challenge becomes a character advantage targeting him.  While the target of the advantage is ready, your starting Hero or Villain gains the target's allegiance(s).  If you do not succeed, your starting Hero or Villain takes one point of damge, and the target is killed.","May you always find water and shade, Perrin Aybara.",,,,,,,,
,56,F,Decisive Tactics,Event,,,"Play this card during the Opening Moves or Coming to Grips step of a challenge.  For each [Combat Icon x2] you pay, apply one [Sword Icon] or [Shield Icon] to the challenge.","Slowly, inexorably, the Two Rivers line bulged inward at a dozen places.  If it broke, anywhere...",,,,,,,,
,57,C,Defensive Measures,Event,,,"Target one or more ready troops you control that are participating in the same challenge.  Pay [Combat Icon x2] for each target.  For each [Shield Icon] the roll, they generate an additional [Shield].","The road passed a half a dozen farms... ending at the heavy wooden gates bound with wide straps of black iron.  They were closed tight, even if the sun was not down yet.",,,,,,,,
,58,C,Dense Fog,Event,,,"Target a challenge.  For each [One Power Icon] you pay, all players except you must remove one token from their character damage pools and from their troop damage pools during each step of the challenge.","The thickness of it muffled the sound of their hooves to dullness, and cries from overhead seemed to come through a wall.",,,,,,,,
,59,F,Dense Forest,Event,,Terrain,"Target a card-based challenge.  Only one terrain event may target each challenge.  No cards may reinforce the challenge.  Before damage is applied, remove two points of damage from all player's character damage pools.","Scattered clumps of evergreens, willows and firs, dotted the far bank, and there seemed to be fewer trees altogether than on her side.",,,,,,,,
,60,C,Disband,Event,,,Discard a troop you control.  Add a number of symbols to your pools equal to the recruit cost of the discarded troop.  These symbols have the same allegiance as the discarded troop.,"From the two nearest tower tops men watched them approach.  Just a few men on each, peering curiously through the crenels.",,,,,,,,
,61,C,Distractions,Event,,,"Target a troop participating in a challenge.  For each [Intrigue Icon] you pay, it must roll one die less than normal.",Veiled Shaido turning to fight wolves had only moments to realize they were not the only threat...,,,,,,,,
,62,R,Draghkar,Character,Dark One,"Monster,Multiple,Reinforcement",You must have 5 pattern to recruit a Draghkar.  This character cannot be the target of advantages.  Whenever Draghkar rolls dice ignore all results.  Whenever Draghkar rolls dice he generates [Damage Icon] [Damage Icon].,"I have never liked Draghkar, we should have never have made them.  Give them an order, and they still sometimes kill whatever is closest.",,,,2,,,1,1
,63,R,Dragon Banner,Advantage,Player,,Can only target a Hero player.  Pay [Politics Icon] as a limited event and target a character you control.  The target permanently gains the Dragon allegiance.  Each of your Dragon characters participating in a challenge initiated by the Horn of Valere contested advantage automatically generate one additional support.,"A banner most men would not know if they saw it, but would fear when they learned its name.",,,,,,,2,
,64,R,Dragonsworn,Troop,Dragon,Multiple,There is no cost to bring the Dragonsworn into play.,"They're down there, on Almoth Plain, and the Light alone knows where else.  Hundreds of them.  Thousands.  They declared for the Dragon Reborn because I raised that banner.",,,,2,,,,
,65,R,Driven,Event,,,"Target one or more trolloc troops you control that are participating in the same challenge.  For each troop targeted, put a damage token on it and it generates one [Support icon].","The Trollocs still ran less than fifty paces back…  A fade rode behind them now, and they seemed to flee the halfman as much as to pursue…",,,,,,,,
,66,C,Duel,Event,,,Target a ready character.  Select a character you control with the same allegiance as the target.  Each character rolls his dice and applies any [Skull Icon] (other results are ignored).  The target can rotate for no effect to ignore this card.,You are young.  Let us see what it required to earn the heron...,,,,,,,,
,67,U,Eamon Valda,Character,Children of the Light,Lord Captain,Rotate Eamon Valda to remove one token from a contested advantage.,"Every bit as much the picture of a Lord Captain... the dark man's face was hard, as ever, and he had a sword in his hands...",1,2,,3,1,1,,2
,68,U,Earth Blast,Event,,,Play this card during the Opening Moves or Coming to Grips step of a challenge.  Target a character participating in that challenge.  The target takes a point of damage and may not ready next turn.,"With a roar the ground in front of him erupted in a narrow fountain of dirt and rocks higher than his head.  Screaming, his horse reared, and he rolled out of his saddle like a sack.",,,,,,,2,
,69,F,Egwene al'Vere,Character,Aes Sedai,"Novice,Light Nature","If Egwene rolls a number of [One Power Icon] equal to her permanent One Power ability, she gains +1 One Power permanently, to a maximum of three.",No ... I'm not afraid.  I do want to become an Aes Sedai.,,,1,,,,1,
,70,R,Egwene the Accepted,Character,Aes Sedai,"Accepted,Dreamwalker,Light Nature","Replace Egwene al'Vere when she has a permanent One Power of at least two.  If Egwene rolls a number of [One Power Icon] equal to her permanent One Power ability, she gains +1 One Power permanently, to a maximum of three.","You are washed clean of Egwene al'Vere from Emond's Field... You are Egwene al'Vere, Accepted of the White Tower.  You belong to us now.",1,2,2,,,,,
,71,R,Elaida Sedai,Character,Aes Sedai,Red Ajah,"If Elaida rolls a number of [One Power Icon] equal to her permanent One Power ability, she must look at the top five cards of any players' deck; reveal two of them to all players, and place them back on top of the deck in the same order.","The Dark One stirs in Shayol Ghul.  The Shadow lies across the Pattern, and the future is balanced on the point of a pin.",2,2,3,,1,1,2,
,72,F,Elayne Trakand,Character,Andor,"Light Nature,Daughter-Heir",The Dragon Reborn does not cause an allegiance penalty when paying any of the cost to recruit Elayne.,"She was completely different from Egwene in height and face and body, but every bit as beautiful.",2,,1,,2,,,
,73,R,Elyas,Character,Mercenary,Wolfbrother,Elyas cannot be controlled by a Villain player.  Rotate Elyas to retrieve a Wolf troop from your deck and place it in your hand.,"Elyas moved with the lazy grace of a wolf, only emphasized by his skins and fur hat, radiating danger as naturally as a fire radiated heat.",,1,,3,1,,,2
,74,U,Establish Contacts,Advantage,Character,,Target a Forsaken character.  He gains +1 Intrigue.,"This world is very changed from the world I... went to sleep in... What I know of what lies where, I have learned since waking.",,,,,,,,
,75,U,Exiled,Challenge,,,"Target a character and select an allegiance of that character.  Only characters of the selected allegiance may participate in this challenge.  If you succeed by at least the character's cost or highest ability, whichever is greater, remove that allegiance from the target.",You exiled them from the city last spring...,,,,,,,,
,76,C,Expendable Troops,Event,,,Target a challenge.  This event acts as if it were a mercenary troop participating in that challenge with 2 Combat ability.  Discard this card after the challenge resolves.,I need them yet.  I can use them.,,,,,,,,1
,77,F/C,Fade,Character,Dark One,"Monster,Multiple,Myrddraal",This card cannot participate in challenges until there are at least four tokens on your section of the Pattern.,"Dead black clothes and cloak, hardly seeming to stir as it moved, made its maggot-white skin appear ever paler.  It had no eyes ...",,1,,3,,1,,1
,78,C,Fall Back,Event,,,"Target a character you control.  Put a number of recovery tokens on the target equal to the number of damage tokens on him, then remove all damage from the target.  Rotate the target for no effect.  The target cannot ready while recovery tokens remain on him.  Remove one recovery token at the end of each ready round.",Arin!  Dar!  Get out here and help me open the gate.  There's people want to leave.  Don't argue.  Just do it.,,,,,,,,
,79,C,Far Reaching Influence,Advantage,Character,,"Target a character with Politics.  The target gains +1 Politics.  If the target ever participates in a card-based challenge you initiate but do not succeed at, discard this advantage.","No one refuses an audience with the Amyrlin Seat, sheepherder.  Not the Lord Captain Commander of the Whitecloaks himself.",,,,,,,,
,80,F,Fireball,Event,,,Play this card during the Opening Moves or Coming to Grips step of a challenge.  Target a character or troop participating in that challenge.  Put one point of damage on the target.,"Flame enveloped Trollocs, then burst with a roar that left misshapen forms unmoving on the ground.",,,,,,,1,
,81,U,Flanking Maneuvers,Challenge,,,"Only cards with Reinforcement may participate in this challenge.  No cards can reinforce this challenge.  If you succeed by three or more, add one token to your section of the Pattern.",They're behind us!  Rally to me!,,,,,,,,
,82,C,Flowing Coffers,Challenge,,,"If you succeed, this challenge becomes a player advantage targeting you.  For each point by which you succeed, place a wealth token on this card.  You may remove one wealth token to reduce the cost of a mercenary character or troop by one ability of your choice.  Discard the advantage when there are no tokens remaining.","It's a bad precedent, my Lord Dragon, lowering taxes ...",,,,,,,,
,83,C,Forced Back,Challenge,,,"Target a non-Hero, non-Villain character you do not control.  If you succeed, this challenge becomes a character advantage on the target.  The effect text of the target is ignored.","He felt as weak as the worst wrought iron, ready to bend at any pressure.",,,,,,,,
,84,R,Forced March,Advantage,Player,,"When you recruit a troop, you may pay [Combat Icon] in addition to its cost to bring that troop into play in your battleground 9rather than in your home front).  You may pay an additional [Combat Icon] to give the troop Reinforcement until the end of the turn.","He cound not eat, except what he could scavenge while he hunted you… nor could he stop until exhaustion collapsed him like an empty sack.",,,,,,,,2
,85,R,Fortress of Light,Advantage,World,Contested Advantage,"Cards with only the Dark One or Aes Sedai allegiances (or both) cannot participate in challenges initiated with this advantage.  While you control the this card, any event targeting you that requires One Power requires an additional One Power, and you have an extra Pattern token for each contested advantage you control.",… a huge sunburst set into the floor held enough gold to make most men stare.,,,,,,,,
,86,U,Forward Scouts,Troop,Mercenary,Multiple,"While participating in a challenge, this card may rotate as an event to give another troop Reinforcement.  That troop may only reinforce the challenge in which this card is participating.","Checking the arrow nocked to his longbow, he peered down the valley running off to the west, widening as it fell away.",,,,1,,,,1
,87,U,From the Shadows,Challenge,,,"Only Intrigue may be rolled in this challenge.  If you succeed, add a token to your section of the Pattern.","Paradox child.  The Dark One is the embodiment of paradox and chaos, the destroyer of reason and logic, the breaker of balance, the unmaker of order.",,,,,,,,
,88,C,Further Demands,Advantage,,,Target a mercenary character or troop.  Rotate the target for no effect.  It may not ready.  The controller of the card may discard this advantage by paying the cost of the targeted card as a limited event.,The Murandians hardly count; they're just there for whatever advantage they can wring out of the situation...,,,,,,,,
,89,R,Further Goals,Event,Limited,,"Target a card-based challenge you initiated.  If you win the challenge by 7 or more, add a token to your section of the Pattern.",Another seal on the Dark One's prison.,,,,,,,,
,90,R,Future Returns,Advantage,Player,,Pay any ability symbol as an event to place an investment token on this card.  Remove 5 investment tokens to draw a card.,"There is more grain in the granaries now than Tear could sell, and the farmers will harvest as much more this year.",,,,,1,1,1,1
,91,F,Gaining An Advantage,Challenge,,,"If you succeed, this challenge becomes a player advantage targeting you.  You may discard it as an event to generate [Politics Icon] [Intrigue Icon] [Combat Icon].  These symbols have all allegiances.","He had them off balance now.  If he could keep them that way, they would be too busy watching each other, and too afraid of being watched in turn, to trouble him.",,,,,,,,
,92,R,Galldrian su Riatin Rie,Character,Cairhien,King of Cairhien,"You must have 5 Pattern to recruit Galldrian.  While you control Galldrian, all Cairhien characters you control gain +1 Intrigue.","Let the vile miscreant himself be hanged immediately, that his Shadow-spawned villainy no longer taint the Light.",3,3,,1,2,3,,
,93,R,Gareth Byrne,Character,Andor,Light Nature,"While you control Gareth Byrne, Andor troops you control gain +1 combat.","A bluff blocky man stood bareheaded by the Queen's right hand... His temples were heavy with gray, but he looked as strong and immovable as a rock.",2,1,,3,3,,,2
,94,U,Gateway,Event,Limited,,"Target one character or troop per [One Power Icon x2] you pay.  Each target is readied, moved to the battleground and gains Reinforcement (until the end of the turn).","Seizing the source, Rand made a gateway between the posts, four paces by four, and ran through as he tied off the weave... into a great open square surrounded by huge white columns, each topped with a marble wreath of olive branches.",,,,,,,,
,95,F,Gather Allies,Challenge,,,"No troops may participate in this challenge.  If you succeed, add one token to your section of the Pattern.",Come.  I'm sure you would like to speak with the Sitters.  Let formality go.,,,,,,,,
,96,C,Gather Support,Challenge,,,"Choose Politics, Intrigue or Combat.  For each one by which you succeed, one symbol of that type is added to your pool at the beginning of the next action round.  The symbols added have no allegiance.","...the Andoran nobles swept out of the colonnades, a rainbow of silks crowding around Rand, dabbling at sweaty faces with lace-trimmed handkerchiefs.",,,,,,,,
,97,U,Gaul,Character,Aiel,"Light Nature,Stone Dog,Shaarad Aiel",Symbols generated by this character may not be used for recruiting.  Gaul gains +1 Combat while he is damaged.  Gaul generates one [Combat Icon] when he participates in a challenge.,"I am Gaul, of the Imran sept of the Shaarad Aiel, wetlander.  I am Shaeen M'taal, a Stone Dog.  My water is yours.",,,,3,,1,,1
,98,R,Geofram Bornhald,Character,Children of the Light,Lord Captain,Rotate Geofram to find the top challenge card in your deck and place it in your hand.,"""You avoid my questions.  What evil is in you that you do not answer me?""",2,,,3,2,,,2
,99,R,Graendal (I),Character,Dark One,"Starting Villain,Forsaken",Any character you recruit gains the Dark One allegiance.,"In any other company but Lanfears, Graendal would have been accounted a stunningly beautiful woman, lush and ripe …",2,1,4,,,,,
,100,U,Gray Man,Character,Dark One,Multiple,"You cannot use ability symbols rolled by Gray Man to recruit.  Gray Man's abilities cannot be increased.  As an event, rotate Gray Man and target a character.  Roll Gray Man's dice and apply any [Damage Icon] to the target.  The target may then roll his dice and apply any [Damage Icon] to Gray Man.","The Soulless, The Gray Men, give up their souls to serve the Dark One as assassins.",,1,,1,,1,1,
,101,R,Guarded by Fate,Event,,,Target a character who has damage greater than or equal to his highest ability.  Remove damage from the target until it has one less damage than its highest ability.,"I'm a ta'veren, and today it seems to be working in my favor for a change.",,,,,,,,
,102,R,Halfman,Character,Dark One,"Monster,Multiple,Myrddraal",All trolloc troops you control participating in the same challenge as the Halfman gain +1 Combat.  You can only use this bonus from one Halfman for each 3 tokens you have on your section of the Pattern.,"Myrddraal galloped up and down on midnight horses, raven-black cloaks hanging undisturbed as they whirled their mounts.",,,,2,,1,,2
,103,C,Hampered,Event,,,Target a ready character or troop card controlled by another player.  The target cannot use its effect text this turn.,"Days of baking sun and searing winds, nights of boneshaking cold.  Whatever grew seemed to have thorns or spines, or else a touch itched like fury.",,,,,,1,,
,104,C,Harassment,Event,,,Target one character or troop with Reinforcement for each [Intrigue Icon] you pay.  The targets lose their Reinforcement ability.,Suddenly warning cries rose in the dark beyond the tents.,,,,,,,,
,105,F,Healing,Event,,,"Remove one point of damage from a troop card, or all damage from a character card.","In the Age of Legends, some Aes Sedai could fan life and health to flame if only the smallest spark remained.",,,,,,,1,
,106,C,Heavy Armor,Advantage,Troop,,"As an event, rotate this card to remove one point of damage from the opponent's troop damage pool in any challenge in which the target is participating.","Breastplate, steel gauntlets, knee and elbow cups, and half-plate for shoulders and arms and legs.",,,,,,,,1
,107,C,Heavy Fighting,Event,,,Target a challenge.  All troops participating in that challenge gain +1 Combat ability until the challenge is resolved.,,,,,,,,,
,108,U,Herb Bag,Advantage,Character,,Rotate this advantage as a limited event while the target is at the home front and select a character you control at the home front.  Remove 1 point of damage from the selected character.,Flatwort tea and andilay root are best for fatigue.  They clear the head and dim the burn in tired muscles.,,,,,,,,
,109,F,Heroic Efforts,Event,,,"Remove any number of tokens from your character damage pool.  For each token removed, add one token to your troop damage pool.",Perrin hacked down a Shaido in his way and leaped over the man as he fell.  They had to reach Rand; everything rested on that.,,,,,,,,
,110,R,Heron-Mark Blade,Advantage,Character,Weapon,"Target a non-Aiel, non-monster character with 4 or more Combat ability, or the Dragon Reborn.  That character gains +1 Politics ability, and may rotate this advantage while he is participating in a challenge to add one point of damage to your character damage pool.","A heron stood on the black blade, too, a bird so dark as to be nearly invisible.",,,,,,,,2
,111,R,Hidden Discoveries,Advantage,Player,,"As an event, name a specific type of advantage (such as player advantage), rotate this card, and pay [One Power Icon].  Find the top advantage of that type in your deck and place it in your hand.","That leaves whatever might lie buried in ancient ruins or forgotten in an attic.  If you want to count on finding something by chance, do so.",,,,,1,1,1,1
,112,C,Hidden Spies,Event,,,This card may only be played by a Villain player.  Target another player.  Look at the top 5 cards of his deck.  You may then shuffle his deck.,"The Dark One's minions often find spies among the creatures that feed on death.  Ravens and crows, mainly.  Rats, in the cities, sometimes.",,,,,,,,
,113,U,High Lady Alteima,Character,Tear,,Pay [Intrigue Icon] and target a player.  That player must shuffle his deck.,"The High Lady Alteima was far more dangerous than her husband or her lover, both of whom she had manipulated without either knowing it.",2,2,,,2,,,
,114,C,High Lady Estanda,Character,Tear,,,"Estanda smiled, a tight smile of triumph.",2,2,,,1,1,,
,115,U,High Lord Aracome,Character,Tear,,"Each Ready round while you control High Lord Aracome, you may target a troop you control.  That troop gains Reinforcement until you target another troop or rotate High Lord Aracome.",Illian shall fall!  Illian shall fall!  Illian shall fall!  Illian shall fall!,2,1,,1,2,,,1
,116,C,High Lord Geuyam,Character,Tear,,,The High Lords and Ladies were arrayed in a thick hollow circle under the great dome at the chamber's heart with the lesser nobles ranked behind.,2,1,,2,2,,,1
,117,R,High Lord Meilan,Character,Tear,,"While participating in a challenge, any ability symbols rolled by High Lord Meilan are ignored.  For each [Sword Icon] or [Shield Icon] High Lord Meilan rolls, he generates an additional symbol of the same type.","Meilan was tall for a Tairen, only a hand shorter than Rand, and hard as any Defender.",2,3,,1,2,2,,
,118,U,High Lord Samon,Advantage,Character,,May only target Be'lal.  Be'lal gains the Tear allegiance.,One of the Forsaken is in Tear.  The High Lord Samon is Be'lal.,,,,,,,,
,119,C,High Lord Torean,Character,Tear,,You may use any [Intrigue Icon] rolled by High Lord Torean as a [Politics Icon] instead.,"Prophecy has been fulfilled, and Tear has fulfilled its place in that prophecy.  Perhaps the Dragon Reborn will lead Tear to a still greater destiny.",1,2,,,1,1,,
,120,R,High Lord Weiramon,Character,Tear,,"While participating in a challenge, High Lord Weiramon may only roll his Combat dice if one or more Tear troops you control are participating in that challenge.  For each [Combat Icon] he rolls in a challenge, you must place a point of damage on one of your participating troops.","Weiramon was still sending charges against the fort when I left, and Sammael cuts every one to rags...",2,,,3,1,,,1
,121,R,High Stakes,Event,,,Play this event during the ready round.  The player who wins the Pattern challenge may also move a neutral token to his section of the Pattern.,"We do not run.  We dare not run.  Worlds and time rest on Rand, on the Dragon Reborn.  This time, we fight.",,,,,,,,
,122,C,Hired Agent,Character,Mercenary,Multiple,,"Fine silks and perfumes did little to hide the uncouth manner of the man, a greedy businessman dealing in death and purchased loyalties.",,1,,,,1,,
,123,R,Horn of Valere,Advantage,World,"Contested Advantage,Unique","The first player to control this advantage by 20 or more adds two tokens to his section of the Pattern and places it on a character they control as a character advantage.  If you control this advantage during the Last Battle, each [Sword Icon] you roll also counts as a [Skull Icon].","In the last, lorn fight gainst the fall of long night, the mountains stand guard, and the dead shall be ward, for the grave is no bar to my call.",,,,,,,,
,124,C,Hostile Terrain,Event,,Terrain,"Target a card-based challenge.  Only one terrain event may target each challenge.  A player must pay [Combat Icon] for each troop he wishes to use its Reinforcement trait.  If any troop takes damage during the challenge, it takes an additional point of damage after the challenge is resolved.",The Three-Fold Land can be a dangerous place for those who do not know it.,,,,,,,,
,125,R,House Guards,Troop,Cairhien,Multiple,"If a Cairhien character you control takes any damage while participating in a challenge with House Guards, you may apply the damage to this card instead.  You cannot use this effect while this card has damage greater than or equal to its Combat ability.","An escort will be welcome, Captain.",,,,3,1,1,,
,126,F,Human Rabble,Troop,Mercenary,"Dark Nature,Multiple",Human Rabble may participate in challenges with monster characters and troops you control.,"Assembled in haste and poorly trained, the disorderly troop displayed a broad mix of armor and arms, including rusty swords, cudgels and pitchforks.",,,,2,,1,,
,127,C,Hunting Trollocs,Challenge,,,"Target a monster troop.  If you succeed by at least the current Combat ability of the target, discard it.","Gaul pivoted smoothly to slide a spear into the black-mailed chest of a wolf-snouted Trolloc ... More came behind it, though, all goatsnouts and boar's tusks, cruel beaks and twisted horns ...",,,,,,,,
,128,U,Illusion,Event,,,"Play this card during the Opening Moves step of a challenge and target another player.  For each [One Power Icon] you pay, you may remove one token from the target's support, opposition or character damage pool.","The mind plays tricks in the night, the eye sees what is not there.",,,,,,,,
,129,C,In Harm's Way,Event,,,Target a character you control who is participating in a challenge.  Put one point of damage on the target.  He gains +3 Combat.,It is said that a Borderlander will take a dagger's wound to avoid harm to a woman and count it a fair trade.,,,,,,,,
,130,C,Incentives,Event,,,You may ignore the light nature or dark nature trait on the next character you recruit this turn.,Gold glinted in the lamp light as the Warder counted out coins one by one into the other's palm.,,,,,,,,
,131,C,Infighting,Event,Limited,,"Target two or more trolloc troops participating in the same challenge.  If each target's controller does not pay [Combat Icon] from a character before the challenge is resolved, that target troop takes one point of damage.  Draw one card.","Trollocs, the Twisted Ones, made during the War of the Shadow from melding men and animals ...",,,,,,,,
,132,C,Infiltration,Event,,,"While participating in a challenge, pay any amount of [Intrigue Icon].  For each [Intrigue Icon x2] you pay, add a point of damage to a troop participating in the same challenge.","If the night had not been so still, the faint sound might not have seemed furtive, but it was and it did.",,,,,,,,
,133,U,Inner Strength,Advantage,Player,,Rotate this advantage as an event and target a character you control.  Add one ability symbol of any type to your pool.  You may only use that symbol to pay effect text cost on the targeted character.,He could never handle the instrument without a pang of sadness.  Touching its gold-and-silver scrollwork was like touching Thom's memory.,,,,,1,1,,
,134,R,Inspirational Leader,Advantage,Character,,"Whenever you roll the target's dice, you may replace all of his Politics dice with Combat dice. (This does not change the target's abilities.) This can allow him to participate in the Last Battle.",Until yesterday I have followed men of other lands because I must.  You I will follow because I want to.,,,,,1,,,1
,135,U,Into the Fight,Event,Limited,,The next character you recruit has minus one to the cost of one ability of your choice.  This character is placed in the battleground (instead of your home front) and gains Reinforcement (for the rest of the turn).,"Trollocs poured in out of the night, snouted faces and horned heads, towering over the humans...",,,,,,,,
,136,C,Intolerance,Event,Limited,,Target a player.  All cards with an allegiance different from his Hero or Villain character cause the allegiance penalty when being recruited.,"When the Children of the Light ask questions, you grey-eyed bumpkin, we expect answers...",,,,,,,,
,137,R,Ishamael (I),Character,Dark One,"Starting Villain,Forsaken","Ishamael may roll an extra Intrigue die while you have more Pattern tokens than any other player.  Unless a Hero player has at least 4 Pattern, all [Skull Icon] rolled by Ishamael are ignored.","You only have on salvation, Rand al'Thor.  Lews Therin Kinslayer, I am your only salvation.  Serve me, and I will give you the world.  Resist, and I will destroy you...",1,2,4,1,,,,
,138,R,Jaichim Carridin,Character,"Dark One,Children of the Light",Inquisitor,"Jaichim has the Children of the Light allegiance.  When Jaichim rotates to generate symbols at the beginning of the action round, he automatically generates a [Politics Icon].","And he did not blink under the silent study of the Lord Captain Commander ... But then, it was said that Jaichim Carridin could outwait a stone.",1,2,,1,1,2,,
,139,U,Jasin Natael,Advantage,Character,,May only target Asmodean.  He gains +1 Intrigue and Gleeman.  You may rotate this advantage as a limited event to look at the top card in another player's deck.,"What stories can I make with the sights your eyes have seen?  I will even make you the hero, if you wish.",,,,,,,,
,140,R,Juilin Sandar,Character,Tear,"Light Nature,Thief-catcher","Rotate Juilin and target a character in play.  The target's Intrigue is reduced by Juilin's Intrigue.  If this effect would kill a character, he is discarded but is not considered killed.","My name is Juilin Sandar and I am a thief-catcher, and I would know why you are on the rooftops, staring at the Stone.",,2,,2,2,,,
,141,C,Knowledge is Power,Event,,,"Pay any number of [Intrigue Icon].  For each [Intrigue Icon] you pay, target one player.  Look at the top card of each target's deck.  You may discard any of the cards you view.","I'm afraid the Lord Dragon doesn't always take me into his confidence, my Lady, and when he does, you wouldn't expect me to break that confidence.",,,,,,,,
,142,F,Lady Aemlyn,Character,Andor,Light Nature,"While participating in a challenge, Lady Aemlyn can convert any ability symbol she rolls into a [Sword Icon].","Aemlyn, a plump woman wrapped in dark wool, nodded in agreement with him...",1,1,,1,2,,,1
,143,F,Lady Arathelle,Character,Andor,Light Nature,,"Arathelle's voice held tones of authority, unsurprising in the High Seat of a powerful house.",2,,,,1,,,
,144,U,Lady Colavaere,Character,Cairhien,,Lady Colavaere gains +1 Intrigue while there are no other Cairhien characters in play with Politics or Intrigue greater than 2.,"A more than handsome woman in her middle years, with dark ivory lace ... and horizontal slashes of color from high lace collar to her knees ...",2,2,,,1,1,,
,145,F,Lady Elenia,Character,Andor,Dark Nature,You may rotate Lady Elenia as a limited event to have her cease participating in a challenge.,"... of House Sarand, shrewish, honey-haired, Elenia.",1,1,,,1,,,
,146,F,Lady Ellorien,Character,Andor,Light Nature,,"Morgase nodded dully ... Ellorien, now one of her closest friends.  At least, she had been.  Elayne had been named after Ellorian's grandmother.",2,1,,,2,,,
,147,F,Lan Mandragoran,Character,Aes Sedai,"Warder,Light Nature,Bonded to Moiraine Sedai",Lan cannot be controlled by a Villain player.  Lan may pay [Combat Icon x2] to generate either a [Politics Icon] or a [Intrigue Icon].,The rose petal floats on the water ... The kingfisher flashes above the pond.  Live and beauty swirl in the midst of death.,,1,,4,1,,,2
,148,R,Lanfear (I),Character,Dark One,"Starting Villain,Forsaken,Dreamwalker","Whenever Lanfear rolls at least [One Power x3], she may rotate the Dragon Reborn for no effect.","I serve.  I have served the Lord of the Twilight long.  Long did I lie imprisoned for my service, in an endless, dreamless sleep ... Now I am free again, and I will use what is mine.",2,2,4,,,,,
,149,C,Learning From The Past,Challenge,,,"Only Politics and Intrigue may be rolled in this challenge.  If you succeed, this challenge becomes a player advantage targeting you.  You may discard the advantage to pay for the ability symbol cost of playing an advantage.","Surprising what you can dig out of books if you read long enough, isn't it?",,,,,,,,
,150,R,Liandrin Sedai,Character,"Dark One,Aes Sedai",Black Ajah,"Liandrin has the Aes Sedai allegiance, and is considered to be Red Ajah.  Rotate Liandrin as an event to look at a random card in another player's hand.  If the card has any [One Power Icon] in its cost, discard it.","... false Dragons ravage the land.  The while, you Blues smile and talk of nothing, and try to hold on to the past.",2,3,2,,1,2,1,
,151,F/C,Light Cavalry,Troop,Mercenary,Multiple,"If you succeed at a challenge in which this troop participated and if this card has less than 2 damage, you may put one point of damage on another player's troop that participated, after all normal damage is applied.","Light cavalry is best for harrying.  Bite at the flanks, keep them running, and never let them settle to fight.",,,,2,1,,,1
,152,U,Lightning,Event,,,"Play this card during the Opening Moves or Coming to Grips step of a challenge.  Target a character or troop participating in that challenge.  Pay [One Power Icon] [One Power Icon]  to put one point of damage on the target.  For each additional [One Power Icon] [One Power Icon] you pay, you may put a point of damage on a different participating character or troop.","Like rapid beats on a giant drum, bolt followed bolt…",,,,,,,,
,153,U,Limit the Opposition,Challenge,,,"If you succeed, this challenge becomes a player advantage targeting you.  Place a limit token on the advantage for each two by which you succeed.  During the ready round you may remove a limit token to target another player.  The target cannot draw more than two cards during that turn.","I wouldn't think an inn with the Dragon's Fang on its door would get much custom.  Might have trouble with fire, with that on your door.",,,,,,,,
,154,C,Local Aid,Event,,,"For each [Combat Icon x2] you pay, remove one token from your opponent's troop damage pool.","You are welcome to our fires.  There will be hot water, and bandages and poultices.",,,,,,,,
,155,R,Loial,Character,Dragon,"Treesinger,Ogier","Whenever Loial participates in a challenge, draw one card during the Opening Moves step of that challenge.","His eyes were the size of saucers, with thick eyebrows that dangled like moustaches to his cheeks, and his ears poked up through long hair in tufted points.",2,,,1,2,,,
,156,R,Longbow,Advantage,Character,Weapon,"Target a character with the Combat ability.  While the target is participating in a challenge, rotate him as a limited event, select a non-Hero, non-Villain character participating in the same challenge, and roll the target's dice.  Apply any damage on the character selected.  Other results are ignored.","Rand was not aware of raising his bow, or drawing the fletching against his cheek, to his ear.",,,,,,,,2
,157,R,Lord Barthanes,Character,"Dark One,Cairhien",,"Barthanes has the Cairhien allegiance.  While participating in a challenge, all Intrigue ability symbols Barthanes rolls are converted into damage symbols.","And this one the personal seat of Lord Barthanes, who is next to the King himself in power.",2,3,,1,2,2,,
,158,U,Lord Daricain,Character,Cairhien,,,… and Lieutenant Lord Daricain of House Annallin.,2,1,,2,1,,,2
,159,C,Lord Edorion,Character,Tear,,"If Lord Edorion's cost is payed for by a Tear High Lord or Tear High Lady, this card's cost is [Politics Icon].",What's the matter?  Did I say something?,1,1,,1,2,,,
,160,F,Lord Gaebril,Advantage,Character,,May only target Rahvin.  Rahvin gains the Andor allegiance.,"Gaebril was still speaking, and every lord and lady seemed to hang on his words.  Morgase was frowning as she listened, yet she nodded as much as any other.",,,,,,,,
,161,F,Lord Jarid,Character,Andor,Dark Nature,"If Lord Jarid rolls three ability symbols during a turn, draw one card.",Dark square-faced Jarid of House Sarand ...,2,,,1,2,,,
,162,F,Lord Lir,Character,Andor,Dark Nature,"During the Opening Moves step of a challenge in which Lord Lir is participating, you may add one point of damage to Lord Lir to add a token to your character damage pool.","... and Lir of House Baryn, a whip of a man, wearing a sword of all things ...",2,1,,1,2,,,1
,163,U,Lord Meresin,Character,Cairhien,Reinforcement,,Lieutenant Lord Meresin of House Daganred,,,,,,,,
,164,F,Lord Nasin,Character,Andor,Dark Nature,,"... and bony, goat-faced Nasin of House Caeren",2,1,,2,2,1,,
,165,F,Lord Pelivar,Character,Andor,Light Nature,"As an event, Lord Pelivar may pay [Combat Icon] to remove one point of damage from an opponent's character damage pool in a challenge in which this card is participating.","If I must die to defend my lands and my people, then better here than where my lands and people die, too.",2,,,2,2,,,1
,166,R,Lord Perrin,Character,Dragon,"Ta'veren,Wolfbrother,Reinforcement","You must have 4 Pattern to replace Perrin Aybara.  Perrin gains +1 Combat while participating in a challenge against monster characters.  When applying his damage while participating in a challenge, Perrin can choose which applicable character any damage he has generated is applied to.",Goldeneyes!  Lord Perrin!  Goldeneyes!,2,1,,3,,,,
,167,U,Lord Talmanes,Character,Cairhien,,"When Lord Talmanes participates in a challenge, you may target a troop participating in the same challenge.  It may not ready on the next ready round.",… he led these Cairhienin although there were older men and even gray hair present.,1,1,,3,1,1,,2
,168,R,Lucky Find,Event,,,Choose a type of advantage (such as a player advantage).  Find the top advantage of that type in your deck and place it in your hand.,There could be treasure...,,,,,,,,
,169,U,Marksmen,Advantage,Troop,Weapon,"Target a troop you control.  The target's Combat ability is reduced by two.  While participating in a challenge, the target rolls its dice and applies the results in the Opening Moves step instead of the Coming to Grips step (any damage generated is still considered troop damage).","The snap of bowstrings was lost in the Trolloc roar, but a goose-fletched hail streaked the sky as it arced out, plunging down into the black-mailed horde.",,,,,,,,2
,170,F,Mat Cauthon (I),Character,Dragon,Ta'veren,"You may reroll one of Mat's dice each turn (immediately after making his initial roll, the old result is ignored).",Mat's brown eyes twinkled with mischief ... Few people had escaped his pranks.,,2,,1,2,,,
,171,R,Mat the Warrior,Character,Dragon,Ta'veren,"You must have 4 Pattern to replace Mat Cauthon.  You may reroll one of Mat's dice each turn (immediately after making his initial roll, the old result is ignored).  Mat may participate in challenges as a troop.  Symbols Mat generates have all allegiances when they are used to recruit troops.","It was as if he could remember dances and battles and streets and cities, none of which he had ever really seen... like a hundred pieces of memory from a hundred different men.",1,2,,4,,,,
,172,R,Min,Character,Dragon,,"Rotate Min as an event and target a character you control.  Retrieve a replacement character for the target from your deck and place it in your hand.  If Min is ever killed, you must convert one of your Pattern tokens into a neutral token.",A shepherd with a heron-mark sword.  That's enough to make me believe anything.  What trouble are you in country boy?,1,1,,,1,1,,
,173,C,Misdirection,Event,,,"Pay [One Power Icon] to target a troop whose recruit cost is two or less.  For each additional [One Power Icon x2] you pay, you may target another troop whose recruit cost is two or less.  Rotate the targets for no effect.",Abruptly Moiraine thrust the staff out to the west.  Dead leaves whirled into the air and branches whipped as if a dust devil ran along the line she pointed to.,,,,,,,,
,174,R,Moghedien (I),Character,Dark One,"Starting Villain,Forsaken,Dreamwalker","Whenever Moghedien rolls at least [One Power Icon x3], you do not have to reveal your challenge card on the next turn until after the Challenge Round is over.  You must announce any participation restrictions on a hidden challenge card.","Let other fools leap about in full view.  They can be brought low by a spider hiding in the cracks, a spider they never see until it is too late.",,3,4,,,,,
,175,F,Moiraine Sedai,Character,Aes Sedai,"Blue Ajah,Light Nature,Bonded to Lan Mandragoran","Moiraine cannot be controlled by a Villain player.  If the Dragon Reborn pays any of Moiraine's recruit cost, you may pay exactly [Politics Icon x2] [One Power Icon] to recruit her.","Her only apparent weapon was a switch, but where she slashed a Trolloc, a line of flame grew on its flesh.",2,2,2,,2,1,1,
,176,U,Momentum,Advantage,Player,,"If you gain a token from the Pattern challenge, you gain 2 support or opposition (your choice) in every other challenge that takes place that turn.","Not even slowing, the front rank of Trollocs ran onto the sharp stakes … howling as they were impaled, driven down by more huge shapes scrambling up over their backs…",,,,,,,,
,177,R,Morgase Trakand,Character,Andor,"Light Nature,Queen of Andor",You must have 4 Pattern to recruit Morgase.  You may rotate Morgase to add two tokens to the Andor contested advantage.,"Morgase had her daughter's beauty, matured and ripened.  Her face and figure, her presence, filled the room like a light.",4,1,,,4,,,
,178,R,Mount,Advantage,Character,,The targeted character gains Reinforcement.,With himself and his stallion Mandarb - he said it meant Blade in the Old Tongue - he was not so sparing.  The Warder covered twice as much ground as they did...,,,,,,,,
,179,U,Nae'blis,Advantage,World,Contested Advantage,"Only cards controlled by a Villain player may participate in challenges initiated by this challenge.  If any Villain player wins the Last Battle, the Villain controller of this advantage wins instead.","Nae'blis.  The one who would stand only a step below the Great Lord, commanding all others.",,,,,,,,
,180,C,Narg,Character,Dark One,"Monster,Trolloc",,Others go away.  Narg stay.  Narg smart.,,1,,1,,,,1
,181,U,Narrow Escape,Event,,,"Play when a (non-Hero, non-Villain) character you control is killed.  Convert one of your Pattern tokens into a neutral token to place that character in your hand.  He is not considered killed.",I left Whitebridge sure you were dead.,,,,,,,,
,182,R,Noble Allies,Challenge,,,"If you succeed, this challenge becomes a player advantage targeting you.  The advantage increases your maximum hand size by 2.","Besides, if you die, I don't think our Andoran friends will maintain their warm welcome for me and my men.",,,,,,,,
,183,R,Nynaeve al'Meara,Character,Aes Sedai,"Accepted,Light Nature","If Nynaeve rolls a number of [One Power Icon] equal to her permanent One Power ability, she gains +1 One Power permanently, to a maximum of four.  When Nynaeve rolls One Power dice, the results are ignored unless she rolls at least one [One Power Icon].",They said you learned quickly.  And they said it took your temper burning to get to the heart of what you can do.,1,,2,,2,,,
,184,F,Overrun,Event,,,"Remove any number of tokens from your troop damage pool.  For each token removed, add one token to your character damage pool.","Banners and con waving, the Cairhienin charged downhill with him, shouting battle cries.",,,,,,,,
,185,F,Padan Fain,Character,Dark One,,Padan Fain gains +1 Intrigue while participating in a challenge.  Padan Fain may reinforce any challenge in which the Dragon Reborn is participating.,"There is much yet hidden about Padan Fain, much I must learn.  The evil goes deeper in him, and stronger, than in many I have seen.",,1,,,,1,,
,186,U,Patrol,Troop,Children of the Light,Multiple,"While participating in a challenge, this card may act as either a character or as a troop.","The Children of the Light hold sway wherever men walk in the Light.  Only where the Shadow of the Dark One reigns are the Children denied, yes?",,,,2,1,,,
,187,R,Pedron Niall,Character,Children of the Light,Lord Captain Commander,"While you control Pedron Niall, Children of the Light troops you control gain +1 Combat.  You may draw an additional card during the draw round.",Niall's skin was as thin as scraped parchment … but there was nothing of frailty about him.,3,3,,2,4,2,,2
,188,F,Perrin Aybara (I),Character,Dragon,"Ta'veren,Wolfbrother","When applying his damage while participating in a challenge, Perrin can choose which applicable character any damage he has generated is applied to.","... the curly-haired blacksmith's apprentice was so stocky as to seem a man and a half wide, with arms and shoulders thick enough to rival those of Master Luhhan.",1,,,2,2,,,
,189,F,Personal Growth,Event,,,Target a character you control who rolled at least one ability symbol during a challenge.  Pay one of those symbols.  This card becomes a character advantage giving the target character +1 to that ability.,Twice and twice shall he be marked.,,,,,,,,
,190,F,Plots,Event,,,Play during a challenge.  Roll two Politics dice and add the results to your pools.,It is no treason which must be done.  And even blasphemy can be tolerated for a cause.,,,,,,1,,
,191,C,Political Isolation,Challenge,,,"Target a player.  If you succeed, the target may not roll any Politics dice next turn.",This was hardly the first time they had tried to secure their own places by casting suspicion on any lord or lady not standing with them...,,,,,,,,
,192,C,Political Maneuvering,Challenge,,,"Only Politics dice may be rolled in this challenge.  If successful, add a token to your section of the Pattern.",More praise for Rand's wisdom flowed from Lord Henren... and nearly a dozen others who had held their tongues while those more powerful spoke.,,,,,,,,
,193,R,Political Prisoner,Challenge,,,"Target a non-Hero, non-Villain character.  For each two by which you succeed, place a prisoner token on the target.  The target is rotated and may not ready while any prisoner tokens remain on him.  Remove one prisoner token for each [Politics Icon] paid by any player as a limited event.","Rand turned his eyes back to the rafters.  Six Aes Sedai sat in chairs around the cage, sustaining the shield on him.",,,,,,,,
,194,U,Portal Stone,Event,Limited,,"Target one or more characters you control.  Roll one of the target's One Power dice.  For each [One Power Icon] rolled, two of the target characters of your choice become participants in one challenge of your choice.  Each targeted participant generates one additional [Sword Icon] in that challenge.  All target characters who do not participate in that challenge rotate for no effect.",The symbols at the bottom indicate Stones at other places.,,,,,,,,
,195,R,Power Suppression,Event,,,"For each [One Power Icon x2] you pay, target a rotated character.  The targeted characters may not ready during the next ready round.","As he pushed himself to his feet, sight began to return, watery and painful at first.",,,,,,,,
,196,C,Prepared Defense,Event,Limited,,Target a challenge.  Only events that have at least one [One Power Icon] in their cost may be played while resolving that challenge.,"Those walls themselves made a perfect square, with one side hard along the river.  In just as exact a pattern, towers rose within the walls…",,,,,,,,
,197,R,Prolonged Campaign,Challenge,,,"Requires four Pattern to initiate.  If you succeed, add a token to your section of the Pattern.  If you succeed by 4 or more, add an additional token to your section of the pattern.  If your opponent generated no opposition to the challenge, add an additional token to your section of the Pattern.  Participants in this challenge do not ready on the following turn.",What remains of the Shaido are retreating north ... but Rand al'Thor seems to have forgotten them.  He is sending the spears south toward Tear.,,,,,,,,
,198,U,Prophecy,Event,,,May only be played by a Hero player.  Name a card.  Reveal the top five cards of your deck.  Put any cards with that name into your hand.  Shuffle the rest back into your deck.,The Wheel of Time and the wheel of a man's life turn alike without pity or mercy…,,,,,,,1,
,199,U,Pull of the Pattern,Event,,,,,,,,,,,,
,200,R,Queen's Guard,Troop,Andor,,"For each [Skull Icon] this troop rolls, it generates an additional [Skull Icon] if you control the Queen of Andor.","Thin red streamers fluttered beneath the heads of their lances, every lance held at the same angle.",,,,5,2,,,1
,201,F,Rahvin (I),Character,Dark One,"Starting Villain,Forsaken","As an event, Rahvin may pay [One Power Icon x3] that he rolled to cause one point of damage to any character or troop in play.","Snatching at saidin, he filled himself with the Power, the taint on the male half of the True Source rolling off the protection of his bonds and oaths ...",,1,4,1,,,,
,202,U,Raiding Party,Troop,Aiel,"Multiple,Reinforcement",The Raiding Party gains +1 Combat ability while participating in a card-based challenge you initiate.,"They seemed all shadow, colors that blended with the darkness too well to see them clearly...",,1,,2,1,,,1
,203,U,Rallying Cry,Challenge,,,"If you succeed, this challenge becomes a player advantage targeting you.  Whenever you succeed at a challenge, add a rallying token to this card.  Remove one rallying token to reduce the cost of a troop by one ability of your choice.",Carai an Caldazar!  Carai an Ellisande!  Al Ellisande!,,,,,,,,
,204,F,Rampage,Challenge,,,"Only the Villain player may initiate this challenge.  Target another player.  For each point by which you succeed, the target must discard a random card from his hand.","Splintered, broken wood littered the room; not a single piece of furniture remained whole.",,,,,,,,
,205,R,Rand al'Thor (I),Character,Dragon,"Starting Hero,Dragon Reborn,Ta'veren","While you control a nation contested advantage, Rand gains the allegiance of that nation.  If Rand rolls at least [One Power Icon x2], he permanently gains +1 One Power, to a maximum of four.","If the only way I can find time and peace for the world is to impose it, I will.",1,,2,2,,,,
,206,R,Rand al'Thor (II),Character,Dragon,"Starting Hero,Dragon Reborn,Ta'veren","If Rand pays any of the cost for any events requiring One Power, the One Power cost for the card is decreased by 1.  If Rand rolls at least [One Power Icon x2], he permanently gains +1 One Power, to a maximum of five.","Wrap a shoufa aorund your head, Rand, and you would be the image of an Aielman.",1,,3,,,,,
,207,R,Rand al'Thor (III),Character,Dragon,"Starting Hero,Dragon Reborn,Ta'veren","Select a non-Dark One allegiance at the beginning of the game.  Rand has that allegiance.  If Rand rolls at least [One Power Icon x2], he permanently gains +1 One Power, to a maximum of four.",It is a name not spoken except among the clan chiefs and the Wise Ones... the Aiel are the People of the Dragon.,1,1,2,1,,,,
,208,F,Rand al'Thor (IV),Character,Dragon,"Starting Hero,Dragon Reborn,Ta'veren","If Rand pays any of the cost to recruit a Dragon or light nature character, apply -1 to the cost of each ability (after all other modifications).  If Rand rolls at least [One Power Icon x2], he permanently gains +1 One Power, to a maximum of four.",I am Rand al'Thor! ...I am the Dragon Reborn!,1,,2,1,,,,
,209,R,Rand the King,Character,Dragon,,Replace a Dragon Reborn character when you have 8 Pattern.  Rand the King gains the allegiances of all characters he controls.,"The Light illumine Rand al'Thor, King of Illian.",4,2,5,3,,,,
,210,C,Rapid Recovery,Event,,,All characters you control that rotate to heal this turn remove two points of damage instead of one.,"A dark-haired, youngish man in a red coat, with a bandage wound around his temples, was making his way down the stairs at the side of the common room using padded crutches...",,,,,,,,
,211,C,Ravens Watching,Event,,,This card may only be played by a Villain player.  Target a card-based challenge.  Hero players must pay [Intrigue Icon] in addition to any other costs to play each event while resolving that challenge.,In the Borderlands there was a bounty on Ravens; no one there ever dared assume any raven was just a bird...,,,,,,,,
,212,R,Raw Recruits,Advantage,Player,,Rotate this advantage as a limited event and pay [Politics Icon] [Combat Icon] (of any allegiance) to target a multiple troop in your killed pile.  Return that troop to your hand.,Who was the greatest blademaster of all time?  From the throats of dozens of students came a massed bellow.  Jearom Gaidin!,,,,,,,,2
,213,R,Ready Resources,Advantage,Player,,You may put advantages from your hand face down under this card.  You may play any advantages from under this card as if they were in your hand.,"The armies will be generously financed by High Lord Torean, the wealthiest of you, who will accompany the armies to see that his money is spent wisely.",,,,,1,1,,
,214,U,Reducing Influence,Advantage,Player,,"You may initiate a challenge each turn targeting a nation contested advantage.  For each 2 by which you succeed, remove another player's token from the advantage.",Shock froze him long enough for Omerna to pull the dagger free and plunge it in again.,,,,,,,,
,215,C,Regroup,Event,Limited,,Target any number of characters and troops who are participating in the same challenge.  The targets may immediately rotate to stand down.,I could do with some singing... And maybe a hot mutton pie at the White Boar.,,,,,,,,
,216,C,Reinforcements,Event,Limited,,Target one troop in the battleground for each [Combat Icon] [Combat Icon] you pay.  Each target gains Reinforcement.,"A mile into the forest they were joined by two hundred Mayener Winged Guards and five hudnred armsmen of House Taborwin, all mounted on the best animals that could be found.",,,,,,,,
,217,U,Remove Fatigue,Event,,,Target a character.  Ready that character.,Tiredness drained out of him like water running downhill; aches and soreness ebbed to dim memories and vanished.,,,,,,,1,
,218,C,Request Tribute,Challenge,,,"For each two points by which you succeed, you may draw one card.  If you do not succeed, all other players draw one card.",At least the wagon trains full of grain were beginning to arrive from Tear with some regularity.,,,,,,,,
,219,C,Respite,Event,,,Target a character or troop you control.  The target may remove up to three damage tokens if it rotates to heal this turn.,I ... will be right as wellwater ... with a little rest.,,,,,,,,
,220,U,Rest and Recovery,Advantage,Player,,"When none of your characters or troops participated in any challenges this turn, and you succeeded at a challenge on the previous turn, draw an additional card during the draw round.","...a large sitting room and a small, what they called a sulking room hereabouts, and an immense bed chamber with the biggest bed he had ever seen, the massive bed posts carved with entwined flowers of all things, and painted red.",,,,,,,,
,221,U,Resupply,Advantage,Player,,"As a limited event, target a troop you control in the battleground and rotate this card.  Remove one point of damage from the target.","Men and women gathered quickly, murmering their sympathy as they helped injured men from their horses ...",,,,,1,,,1
,222,R,Rhuarc,Character,Aiel,"Light Nature,Clan Chief of the Taardad Aiel,Taardad Aiel","You must have 5 pattern to recruit Rhuarc.  While you control Rhuarc, all Aiel characters you control gain +1 Combat while participating in a challenge.","All things must change, but I would not be a part of that change if I could set myself aside from it.",3,,,4,2,,,4
,223,R,Rule of Power,Event,,,All ability symbols you rolled this turn have all allegiances.,"Look at it, and remember me.  Remember that I will come back for it.  If anyone wants to take my place, all they have to do is pull it out... But remember the price of failure.",,,,,1,,1,
,224,C,Rumors and Lies,Event,,,Pay any amount of [Intrigue Icon].  Target one damaged troop per [Intrigue Icon] you pay.  The targeted troops may not participate in any card-based challenges next turn.,"At worst... we have heard... reports... rumors might be a better word, but they come from many places.",,,,,,,,
,225,C,Sabotage,Event,,,Target any player.  He must randomly discard a card from his hand.  You may pay an additional [Intrigue Icon] [Intrigue Icon] to make him randomly discard an additional card.,"Over the clamor of alarm bells, he could make out other noises, now.  Shouts.  Screams.  Metal ringing on metal.",,,,,,1,,
,226,R,Saidar Angreal,Advantage,Character,,"Target a female character you control with the One Power ability.  Whenever she rolls her One Power dice, she rolls an equal number of additional One Power dice, up to a maximum of two extra dice from this advantage.","Perrin knew it for an angreal, a remnant from the Age of Legend that allowed an Aes Sedai to safely channel more of the Power than she could alone.",,,,,,,2,
,227,R,Saidin Angreal,Advantage,Character,,"Target a male character you control with the One Power ability.  Whenever he rolls his One Power dice, he rolls an equal number of additional One Power dice, up to a maximum of two extra dice from this advantage.","A woman cannot use an angreal for a man and visa versa.  There are rumors of angreal and sa'angreal usable by both men and women, but they remain unconfirmed.",,,,,,,2,
,228,U,Scouting Party,Troop,Aiel,"Multiple,Reinforcement","During the Coming to Grips step in which this troop is participating against monster troops, a Scouting Party may pay one [Combat Icon] as an event to add a token to your troop damage pool or to remove a token from the monster's controller's troop damage pool.","The Aiel begin learning survival skills and the handling of the spear at a very young age, with games designed to enhance skill, speed, and accuracy.",,,,3,,,,2
,229,U,Search and Destroy,Challenge,,,"Only Combat and One Power may be rolled in this challenge.  Target a player advantage.  If you succeed by five or more, discard that advantage.","Some houses were only torched to create confusion.  The Trollocs ignored them afterwards, and the people fled from them as well ...",,,,,,,,
,230,F/C,Seasoned Warrior,Advantage,Character,,"During the Opening Moves step of a challenge in which the target is participating, he may pay [Combat Icon] to add a token to your character damage pool.",All softness had been hammered out of them at a harder forge than he had ever known.,,,,,,,,1
,231,R,Seat of Power,Advantage,Player,,You may rotate this advantage as a limited event to generate one [Politics Icon] for each nation contested advantage you control.  Symbols generated by this advantage have all allegiances.,"Lord Barthane's manor crouched like a huge toad in the night... Rand saw guards moving on the tower tops and along roofwalks, and none of the windows were close to the ground.",,,,,,,,
,232,C,Second Front,Event,,,Monsters you control may participate in the same challenge as non-Dark One cards you control.,All your talk of protecting people from Trollocs.  How many died at Trolloc hands after you came?,,,,,,,,
,233,F,Secondary Efforts,Challenge,,,"If you succeed, add one token to your section of the Pattern.",So that was one of the things Dreamers could do.  She could not wait to start learning.,,,,,,,,
,234,C,Secret Aid,Event,,,"Target a character participating in a challenge.  During the Opening Moves steop of that challenge, the target automatically generates [Politics Icon] [Intrigue Icon] [Combat Icon] (in addition to any rolled results).","That bunch of broomweed by that shop door.  It is a Yellow Ajah signal, an emergency signal from one of the Yellow's eyes-and-ears.",,,,,,,,
,235,U,Sentries,Troop,Mercenary,Multiple,"During the Opening Moves step in which this card is participating, you may rotate and kill this card to generate 2 opposition to the challenge.","Hands went uncertainly to sword hilts, or spears and long shields, or lances.  Some of the soldiers half moved as if to close the gates even while looking to their officer.",,,,1,,,,1
,236,R,Shaidar Haran (I),Character,Dark One,Monster,You must have 6 Pattern to recruit Shaidar Haran.  Rotate Shaidar Haran to retrieve a card with the Dark One allegiance from your deck and place it in your hand.  Add one token to your section of the Pattern while you control Shaidar Haran.,I will take you to the Great Lord... I am Shaidar Haran.,2,2,,4,3,1,1,1
,237,U,Shattered Dreams,Challenge,,,"Target another player.  If you succeed by two or more, the target may not recruit next turn.","Weep, if you have a heart, for the loss of them, for the loss of even their memory.  Weep, for the loss of their blood.",,,,,,,,
,238,R,Shayol Ghul,Advantage,World,Contested Advantage,"Only cards controlled by a Villain player may participate in challenges initiated with this advantage.  While you control Shayol Ghul, your Forsaken may use the Ta'veren ability to negate damage once per turn for each two by which you control it.",All of the Dreadlords traveled to the Pit of Doom in Shayol Ghul to dedicate their souls to the Dark One.,,,,,,,,
,239,F,Similar Ideals,Event,,,"If you are a Hero player, when you play this card you may recruit light nature characters without any allegiance penalty.  If you are a Villain player, when you play this card you may recruit dark nature characters without any allegiance penalty.","I offer you my services, and those of my nine thousand Saldean horse.",,,,,,,,
,240,R,Siuan Sanche,Character,Aes Sedai,"The Amyrlin Seat,Light Nature",You must have 5 pattern to recruit Siuan.  Rotate Siuan as an event to retrieve a card with the Aes Sedai allegiance from your deck and place it in your hand.,Who comes here?  Who comes here?  Who comes here?  The Watcher of the Seals.  The Flame of Tar Valon.  The Amyrlin Seat.,4,2,3,,3,,2,
,241,U,Skimming,Event,,,Target one character you control for each [One Power Icon] you pay.  Each target gains Reinforcement.,"A door opened beneath the dome in front of him.  That was the only way to describe it.  An opening into darkness, into somewhere else.",,,,,,,,
,242,C,Skirmish,Challenge,,,"No cards can reinforce this challenge.  If you succeed, add one token to your section of the Pattern.","Axes and spears and spiked things dully reflected stray glimmers of moonlight.  Boots scraped on the floor, and there was a rhythmic click, as of hooves, as well.",,,,,,,,
,243,F,Spying,Event,,,Target a player.  Look at his hand and any face down cards he controls.,"...their presence here, on this floor, in the shadows, staring intently at the bright light at the end of the hall, that was not usual at all.",,,,,,1,,
,244,R,Stalemate,Challenge,,,"If you succeed, there is no action round next turn.  If you succeed by five or more, add one token to your section of the Pattern.","Lord Meilan has the defense well planned, and the Cairhienin appear to be keeping their backbones for the time.  Seven days with luck, perhaps eight at most.",,,,,,,,
,245,R,Stedding,Event,,Terrain,Target a card-based challenge.  Only one terrain event may target each challenge.  No One Power dice may be rolled in that challenge.  No effects requiring the One Power may be used in that challenge.,The glow of Saidar was not there.,,,,,,,,
,246,C,Strong Support,Event,Limited,,"When recruiting troops, you may pay their recruit cost with symbols generated from characters with different allegiances, as long as at least one symbol is paid by a character of the same allegiance as the troop.","With you to lead us, my Lord Dragon, we shall conquer the world!",,,,,,,,
,247,F,Stymied,Event,Limited,,Target a character or troop participating in a challenge.  The target rolls one less die than normal for each ability.,"Ordeith went in to examine his prisoner, stretched out between two pegs thick enough to hold a wagon train.",,,,,,,,
,248,U,Subtle Manipulations,Event,Limited,,"Name a specific card type (such as player advantage or andor troop).  Look at the top five cards of one player's deck.  If you find any cards of that type, show them to all players and place them on the bottom of his deck.","You have handled me like a puppet, made me dance the way you wanted, from the day we met.",,,,,,1,1,
,249,C,Superior Weaponry,Advantage,Troop,Weapon,"If the target of this advantage rolls at least one [Skull Icon] while participating in a challenge, it generates an additional [Skull Icon].","...howling and swinging scythe-curved swords, stabbing with hooked-spears and barbed tridents, hacking with spiked axes.",,,,,,,,
,250,C,Surprise Attack,Event,Limited,,"Target one or more troops you control.  Pay [Combat Icon] per target.  Each target gains Reinforcement, but all targets must reinforce the same challenge.","...and the door burst open, pieces of the iron lock spinning across the floor.",,,,,,,,
,251,C,Surrounded,Event,,,"Play during the Coming to Grips step of a challenge if you have at least twice as many troops participating in that challenge as your opponent.  For each of your troops that rolls any [Damage Icon], add a token to your character and troop damage pools.","Setting himself back-to-back with Loial and Aram, he slashed and hacked desperately.",,,,,,1,,1
,252,R,Taking Advantage,Advantage,Player,,"When you draw an advantage, you may reveal it to all other players to draw an additional card.","...then a shadow moved, not ten paces away.  A tall, bulky shadow, and snouted.",,,,,1,1,,1
,253,U,Tar Valon,Advantage,World,Contested Advantage,"While you control Tar Valon, all Aes Sedai characters you control may participate in any nation contested advantage, regardless of normal restrictions.","Every building seemed a palace... fanciful stone work was everywhere, and the lines of one structure seemed designed to compliment and set off the next, leading the eye along as if everything were part of one vast design.",,,,,,,,
,254,U,Tar Valon Guards,Troop,Aes Sedai,Multiple,"When rolling, Tar Valon Guards may roll a One Power die instead of one of its combat dice.  This troop gains +2 Combat ability while participating in the Tar Valon contested advantage.","At the foot of the bridge more soldiers stood guard, a dozen pikemen and half that many archers, checking everyone who wanted to cross.",,,,4,,,1,1
,255,U,Tar Valon Soldiers,Troop,Aes Sedai,"Multiple,Reinforcement","When rolling, Tar Valon Soldiers may roll a One Power die instead of one of its combat dice.  ",From outside the open gates came the sounds of the Amyrlin's pikemen and archers forming up in the square.,,,,5,,,1,2
,256,U,Tear,Advantage,World,Nation Contested Advantage,"While you control Tear, add a token to this contested advantage each ready round.  If you control Tear by 5 or more, you are always considered the Dominant player.  If you control Callandor, you are considered to have five additional tokens on this card.","Tairens have no love for the One Power... channeling is outlawed, and Aes Sedai are tolerated at best, so long as they do not channel.",,,,,,,,
,257,R,Tear Lancers,Troop,Tear,Reinforcement,,Mounted Tairens had the lead behind a knot of colorful lords' banners...,1,,,4,2,,,1
,258,C,Tear Levies,Troop,Tear,Multiple,"When you recruit this card, draw a card.",And two thousand Tairen levies... to see to the proper distribution of the grain and protect Tairen interests.,,,,2,1,,,
,259,R,Tear Skirmishers,Troop,Tear,Multiple,"As an event, Tear Skirmishers may pay [Combat Icon] to cease participating in a challenge.  Any results they generated in that challenge still apply.","Battles sprang up and drifted away from where they began, or died when one side fell.",,,,2,1,,,1
,260,C,Tear Spearmen,Troop,Tear,Multiple,Tear Spearmen lose 1 Combat ability while participating in a challenge against monster troops.,Wipe those spearpoints... a fade's blood will etch steel like acid if it's left on long enough.,,,,4,,,,2
,261,F,Testing Fate,Challenge,,,"If you succeed, you may move one or two neutral tokens to your section of the Pattern.  If you do not succeed, you must convert one of your Pattern tokens to a neutral token.","There is only the Lord Dragon and the Light!  All else is illusion, a snare set by the Shadow!",,,,,,,,
,262,U,The Art of Intrigue,Advantage,Character,,"Target a character you control that has the Intrigue ability.  He gains +1 Intrigue.  You may rotate this card as a limited event to add a point of support or opposition to a challenge.  If the target character ever participates in a card-based challenge you initiate but do not succeed in, he takes a point of damage and you must discard this advantage.",Her big brown eyes seemed even more melting than usual.   She was apparently fool enough to think him susceptible...,,,,,,,,
,263,R,The Dragon Revealed,Character,Dragon,,"Replace Rand al'Thor character when you have 5 Pattern.  When you succeed in a card based challenge you initiated, draw 1 card.","...on the breast of his dark cloak stood the same creature as on the banner, the four-legged serpent with the golden mane.",2,1,4,3,,,,
,264,U,The Dying Ground,Event,,Terrain,"Target a card-based challenge.  Only one terrain event may target each challenge.  If a monster takes damage while participating in that challenge, it takes an additional point of damage when the challenge is resolved.","I have heard they call the Three-Fold land the Dying Ground.  We hunt Trollocs, wetlander; they do not hunt us.",,,,,,,,
,265,R,The Great Game,Advantage,Player,,You may pay [Politics Icon] as a limited event to place a reserve token on this card.  You may remove two reserve tokens as a limited event to add one [Politics Icon] to your pool.  This symbol has the allegiance(s) of your starting character.,"It isn't a game at all Rand.  The nobles and the noble Houses maneuver for advantage.  They do things they think will help them, or hurt an enemy, or both.",,,,,2,,,
,266,R,The Ruby Dagger,Advantage,Character,"Weapon,Unique","Target a character you control.  Any character that takes damage from the target and is not completely healed by the end of the turn is killed.  Roll a One Power die each ready round.  If you roll a [One Power Icon], place a corruption token on the target.  It is treated as damage, but cannot be healed.  As an event, pay [One Power Icon x2] to remove a corruption token or pay [One Power Icon x5] to discard this advantage.",This is from Shadar Logoth.  There is not a pebble of that city that is not tainted and dangerous...,,,,,,,,
,267,R,The Stone of Tear,Advantage,Player,,"If you control the Tear contested advantage, other players cannot add tokens to the Tear contested advantage except by using the challenge initiated by the Tear contested advantage.","She had heard of it in stories, heard that it was the greatest fortress in the world and the oldest, the first built after the Breaking of the World.",,,,,,,,
,268,C,The Telling Blow,Event,,,Target a character or troop with damage participating in a challenge whose highest current ability is 1.  Put a point of damage on the target.,"Suddenly the ship lurched, and a boom swung out of the shadows to catch the Trolloc across the chest with a crunch of breaking bones, sweeping it over the side.",,,,,,,,1
,269,F,The Tide of Battle,Challenge,,,"If you succeed, this challenge becomes a player advantage targeting you.  Place one initiative token on it for each two you succeeded by.  You may rotate the advantage to remove any number of initiative tokens.  For each one removed, you may add a [Sword Icon] or [Shield Icon] to a card-based challenge.  Discard the advantage when there are no tokens remaining on it.","... the tidal wave rushed on, closing holes and gaps apparently undiminished.",,,,,,,,
,270,U,The Truth They Tell,Event,Limited,,"For every [Politics icon] [Politics icon] or [One Power icon] you pay from a character with the Aes Sedai allegiance, you may add one [Opposition icon] to a card-based challenge.","An Aes Sedai never lies, but the truth she speaks may not be the truth you think you hear.",,,,,,,,
,271,C,The Way of the Leaf,Advantage,Character,,"This card may only be played by a Hero player.  Target a character you control with no combat ability.  The target gains +2 Politics ability, but cannot gain combat ability or roll combat dice.  Any damage generated by the target is negated.","The leaf lives its appointed time, and does not struggle against the wind that carries it away.  The leaf does no harm, and finally falls to nourish new leaves.",,,,,,,,
,272,R,The Wheel Turns,Event,,,Pay [One Power Icon x2] for each card-based challenge initiated this turn.  Only the Pattern challenge can add tokens to the Pattern this turn.,"...he claimed this struggle had gone on since the Creation, an endless war between the Great Lord and the Creator using human surrogates.",,,,,,,,
,273,R,The White Tower,Advantage,Player,,"If you control the Tar Valon contested advantage by 5 or more, you may rotate this advantage when you succeed at the Pattern Challenge to add a token to your section of the Pattern.","And over all rose one tower, higher and wider than all the rest, as white as the Shining Walls themselves.",,,,,,,,
,274,R,Thom Merrilin,Character,Dragon,Gleeman,Thom may pay [Intrigue Icon] [Intrigue Icon] [Intrigue Icon] as an event to force another player to discard a random card from his hand.,"There was a time Thom Merrilin was Court-bard right here in Caemlyn, and known to every royal court from Tear to Maradon.",1,4,,2,3,1,,
,275,U,Tight Formation,Advantage,Player,,"While a troop you control is the only troop you have participating in a given challenge, that troop gains +2 Combat ability.","...trotting into the fields to halt beyond bowshot, a hulking black mailed mass, deep and stretching the length of the village.",,,,,,,,2
,276,R,To The Victor,Advantage,Player,,"Whenever you succeed at a card-based challenge you initiated, draw 1 card.","But it's my bet they'll wait and watch, and come to you once Couladin is done for.  Victory settles a lot of arguments in most men's heads.",,,,,1,1,,
,277,C,Training for War,Advantage,Troop,,Target troop gains +1 Combat ability.,"The Warder never seemed to blink, and the practice sword in his hands moved surely and smoothly as he flowed from one stance to another.",,,,,,,,
,278,C,Treaty,Challenge,,,"Choose an allegiance.  If you succeed, this challenge becomes a player advantage for you.  You may rotate this advantage as an event to generate one Politics symbol of the chosen allegiance.","We accept your conditions without reservation, Lord Bryne, and pledge ourselves to hold them.  They are most reasonable.",,,,,,,,
,279,F,Trolloc,Character,Dark One,"Monster,Multiple",The only cost to recruit this character is to rotate a character you control with the Dark One allegiance.,"A tall, bulky shadow, and snouted... It lifted its snout as if sniffing.  Some of them hunted by scent.",,,,1,,,,
,280,R,Trolloc Fist,Troop,Dark One,Monster,"One per turn, you may discard a trolloc troop you control from play to heal an amount of damage on the Trolloc Fist equal to the discarded troop's permanent Combat rating.","Trollocs with tusked boars' snouts or wolves' muzzles or eagles' beaks, some with heads horned or crested with feathers, wielded those oddly curved swords and spiked axes, hooked tridents and spears.",,,,6,,,,3
,281,F,Trolloc Footmen,Troop,Dark One,"Monster,Multiple","When assigning damage from your opponent's troop damage pool, you may not place a point of damage on a non-trolloc troop until this troop has had a point of damage assigned to it.","Trollocs shrieked at the sudden light, but they did not stop swining their spiked axes and swords, curved like scythes.",,,,5,,,,2
,282,R,Trolloc Horn,Advantage,Character,,Target a trolloc character you control.  Rotate this advantage as an event and pay [Combat Icon x2] to find the top trolloc (character or troop) in your deck.  Place it in your hand.,From the west came the keening wail of a horn.  Lan's head whipped around to stare back down the road behind them.  Rand felt a chill.,,,,,,,,1
,283,U,Trolloc Raiders,Troop,Dark One,"Monster,Multiple","When this troop is killed, draw a card.","A Trolloc can see better than a man in the dark, but bright lights blind them ... Some can track by scent or sound, but they're said to be lazy.",,,,3,,1,,
,284,R,Trolloc War Band,Troop,Dark One,"Monster,Multiple","If you have a ready Myrddraal that is standing down in the battleground, this card gains Reinforcement.","In the days of the Trolloc Wars, Halfmen led the Trollocs in battle, under the Dreadlords.",,,,5,,1,,2
,285,R,Twisting Fate,Challenge,,,"Target another player.  If successful, remove a token from his section of the Pattern.  The total number of tokens on the target's section of the pattern counts as automatic opposition to this challenge.","There is always room for small changes, but sometimes the pattern simply won't accept a big change, no matter how hard you try.",,,,,,,,
,286,R,Twists in the Pattern,Event,,,Convert one of your Pattern tokens to a neutral token and target another player.  That player must also convert one of his Pattern tokens to a neutral token.,"Yesterday, in this village the Pattern… moved, shaped itself around him like clay shaped on a mold.",,,,,,,,
,287,U,Two Rivers Archers,Troop,Andor,,"The Two Rivers Archers roll their dice during the Opening Moves step (instead of the Coming to Grips step).  Whenever the Two Rivers Archers take a point of damage, immediately apply an additonal point of damage to them.",A long column of farmers four abreast on horseback made the bulk of it... every one of them in Vilnar's sight had the longest bow he had ever seen.,,,,3,2,,,
,288,F,Unexpected Ally,Event,Limited,,Roll two Politics dice.  Add any [Politics Icon] you generate to your pool.  They have all allegiances.,"I have given my entire life to the search for you, to find you and help you.",,,,,,,,
,289,R,Verin Sedai,Character,Aes Sedai,"Brown Ajah,Light Nature","While you control Verin, your maximum hand size is increased by one.","She was a plump, square faces woman, and even with the Aes Sedai gift of agelessness, there was a touch of gray in her brown hair.",1,2,2,,,1,2,
,290,R,Wall of Fire,Event,,,"During the Opening Moves step of a challenge, target one participating troop for each [One Power Icon] you pay.  The targeted troops may rotate to stand down.  If they do not stand down, each troop takes as much damage as it rolls.","She pointed to the hollow between the hills, and flame gouted from the ground, a fountain twenty feet high.",,,,,,,,
,291,C,Wandering Noble,Character,Mercenary,Multiple,,"Who can say what turns a man of high birth against his own?  Debts and old scores, perhaps, or the accumulated stubbornness and squabbles of years.",2,,,,2,,,
,292,R,Ward of Protection,Event,,,"For each [One Power Icon] you pay, the cost for every other player to target you (or a card you control) with an event is increased by one [One Power Icon].","…much of that fire suddenly died or exploded short of any target, many of the lightning bolts stopped abruptly…",,,,,,,,
,293,U,Waygate,Event,,,"Select one of: your home front; a challenge; or standing down.  Target any number of characters and troops you control at the selected location.  Roll one Intrigue dice for each card targeted.  For each damage result rolled, kill one target.  The remaining cards reinforce one unresolved challenge.",Then darkness fell along the bridges.  Some who went in were never seen again.,,,,,,,,
,294,U,Weariness,Advantage,Character,,"If the target participated in a challenge last turn, he does not ready during the ready round.  The target's controller may pay two ability symbols of any type(s) as an event to discard this advantage.","Cloud stood head down, sides heaving.  Rand thought that Cloud would not be carrying anyone further that night.",,,,,,,,
,295,R,What Might Be,Event,,,Convert one of your Pattern tokens to a neutral token.  Target an event card in your discard pile that is not the top event in that pile put the target card in your hand.,It was so real…  Was it real?,,,,,,,,
,296,C,Whispers in the Dark,Event,,,This card may only be played by a Villain player.  Roll an Intrigue die for each token on your section of the Pattern.  Apply any [Sword Icon] or [Shield Icon] rolled (as appropriate) to a card based challenge of your choice.,"Nobody ever sees him coming - he's just there all of a sudden, day or night, freezing you where you stand.  People are starting to look over their shoulders.",,,,,,,,
,297,U,Wolves,Troop,Mercenary,"Multiple,Reinforcement,Wolf",You must control a Wolfbrother to bring Wolves into play.  You must discard Wolves if you do not control a Wolfbrother.  Wolves gain +1 Combat while participating in a challenge against monster troops.  This troop cannot be the target of advantages.,Every wolf remembers the history of all wolves ... Wolves hate Trollocs and Halfman worse than wildfire ...,,,,2,,,,1